ticker,company_name,industry,fiscal_year,cik,source_url,downloaded_at_utc,assets_usd,liabilities_usd,current_assets_usd,current_liabilities_usd,operating_cashflow_usd,revenue_usd,net_income_usd,equity_usd
AAPL,Apple Inc.,Technology,2021,0000320193,https://data.sec.gov/api/xbrl/companyfacts/CIK0000320193.json,2026-08-03T14:50:39+00:00,351002000000.0,287912000000.0,134836000000.0,125481000000.0,104038000000.0,365817000000.0,94680000000.0,63090000000.0
AAPL,Apple Inc.,Technology,2022,0000320193,https://data.sec.gov/api/xbrl/companyfacts/CIK0000320193.json,2026-08-03T14:50:39+00:00,352755000000.0,302083000000.0,135405000000.0,153982000000.0,122151000000.0,394328000000.0,99803000000.0,50672000000.0
AAPL,Apple Inc.,Technology,2023,0000320193,https://data.sec.gov/api/xbrl/companyfacts/CIK0000320193.json,2026-08-03T14:50:39+00:00,352583000000.0,290437000000.0,143566000000.0,145308000000.0,110543000000.0,383285000000.0,96995000000.0,62146000000.0
AAPL,Apple Inc.,Technology,2024,0000320193,https://data.sec.gov/api/xbrl/companyfacts/CIK0000320193.json,2026-08-03T14:50:39+00:00,364980000000.0,308030000000.0,152987000000.0,176392000000.0,118254000000.0,391035000000.0,93736000000.0,56950000000.0
CAT,CATERPILLAR INC,Industrial,2021,0000018230,https://data.sec.gov/api/xbrl/companyfacts/CIK0000018230.json,2026-08-03T14:50:39+00:00,82793000000.0,66277000000.0,43455000000.0,29847000000.0,7198000000.0,50971000000.0,6493000000.0,16516000000.0
CAT,CATERPILLAR INC,Industrial,2022,0000018230,https://data.sec.gov/api/xbrl/companyfacts/CIK0000018230.json,2026-08-03T14:50:39+00:00,81943000000.0,66052000000.0,43785000000.0,31531000000.0,7766000000.0,59427000000.0,6704000000.0,15891000000.0
CAT,CATERPILLAR INC,Industrial,2023,0000018230,https://data.sec.gov/api/xbrl/companyfacts/CIK0000018230.json,2026-08-03T14:50:39+00:00,87476000000.0,67973000000.0,46949000000.0,34728000000.0,12885000000.0,67060000000.0,10332000000.0,19503000000.0
CAT,CATERPILLAR INC,Industrial,2024,0000018230,https://data.sec.gov/api/xbrl/companyfacts/CIK0000018230.json,2026-08-03T14:50:39+00:00,87764000000.0,68270000000.0,45682000000.0,32272000000.0,12035000000.0,64809000000.0,10788000000.0,19494000000.0
COST,COSTCO WHOLESALE CORP /NEW,Consumer,2021,0000909832,https://data.sec.gov/api/xbrl/companyfacts/CIK0000909832.json,2026-08-03T14:50:39+00:00,59268000000.0,41190000000.0,29505000000.0,29441000000.0,8958000000.0,195929000000.0,5007000000.0,17564000000.0
COST,COSTCO WHOLESALE CORP /NEW,Consumer,2022,0000909832,https://data.sec.gov/api/xbrl/companyfacts/CIK0000909832.json,2026-08-03T14:50:39+00:00,64166000000.0,43519000000.0,32696000000.0,31998000000.0,7392000000.0,226954000000.0,5844000000.0,20642000000.0
COST,COSTCO WHOLESALE CORP /NEW,Consumer,2023,0000909832,https://data.sec.gov/api/xbrl/companyfacts/CIK0000909832.json,2026-08-03T14:50:39+00:00,68994000000.0,43936000000.0,35879000000.0,33583000000.0,11068000000.0,242290000000.0,6292000000.0,25058000000.0
COST,COSTCO WHOLESALE CORP /NEW,Consumer,2024,0000909832,https://data.sec.gov/api/xbrl/companyfacts/CIK0000909832.json,2026-08-03T14:50:39+00:00,69831000000.0,46209000000.0,34246000000.0,35464000000.0,11339000000.0,254453000000.0,7367000000.0,23622000000.0
GOOGL,Alphabet Inc.,Technology,2021,0001652044,https://data.sec.gov/api/xbrl/companyfacts/CIK0001652044.json,2026-08-03T14:50:39+00:00,359268000000.0,107633000000.0,188143000000.0,64254000000.0,91652000000.0,257637000000.0,76033000000.0,251635000000.0
GOOGL,Alphabet Inc.,Technology,2022,0001652044,https://data.sec.gov/api/xbrl/companyfacts/CIK0001652044.json,2026-08-03T14:50:39+00:00,365264000000.0,109120000000.0,164795000000.0,69300000000.0,91495000000.0,282836000000.0,59972000000.0,256144000000.0
GOOGL,Alphabet Inc.,Technology,2023,0001652044,https://data.sec.gov/api/xbrl/companyfacts/CIK0001652044.json,2026-08-03T14:50:39+00:00,402392000000.0,119013000000.0,171530000000.0,81814000000.0,101746000000.0,307394000000.0,73795000000.0,283379000000.0
GOOGL,Alphabet Inc.,Technology,2024,0001652044,https://data.sec.gov/api/xbrl/companyfacts/CIK0001652044.json,2026-08-03T14:50:39+00:00,450256000000.0,125172000000.0,163711000000.0,89122000000.0,125299000000.0,350018000000.0,100118000000.0,325084000000.0
HD,"HOME DEPOT, INC.",Consumer,2021,0000354950,https://data.sec.gov/api/xbrl/companyfacts/CIK0000354950.json,2026-08-03T14:50:39+00:00,71876000000.0,73572000000.0,29055000000.0,28693000000.0,16571000000.0,151157000000.0,16433000000.0,-1696000000.0
HD,"HOME DEPOT, INC.",Consumer,2022,0000354950,https://data.sec.gov/api/xbrl/companyfacts/CIK0000354950.json,2026-08-03T14:50:39+00:00,76445000000.0,74883000000.0,32471000000.0,23110000000.0,14615000000.0,157403000000.0,17105000000.0,1562000000.0
HD,"HOME DEPOT, INC.",Consumer,2023,0000354950,https://data.sec.gov/api/xbrl/companyfacts/CIK0000354950.json,2026-08-03T14:50:39+00:00,76530000000.0,75486000000.0,29775000000.0,22015000000.0,21172000000.0,152669000000.0,15143000000.0,1044000000.0
HD,"HOME DEPOT, INC.",Consumer,2024,0000354950,https://data.sec.gov/api/xbrl/companyfacts/CIK0000354950.json,2026-08-03T14:50:39+00:00,96119000000.0,89479000000.0,31683000000.0,28661000000.0,19810000000.0,159514000000.0,14806000000.0,6640000000.0
META,"Meta Platforms, Inc.",Technology,2021,0001326801,https://data.sec.gov/api/xbrl/companyfacts/CIK0001326801.json,2026-08-03T14:50:39+00:00,165987000000.0,41108000000.0,66666000000.0,21135000000.0,57683000000.0,117929000000.0,39370000000.0,124879000000.0
META,"Meta Platforms, Inc.",Technology,2022,0001326801,https://data.sec.gov/api/xbrl/companyfacts/CIK0001326801.json,2026-08-03T14:50:39+00:00,185727000000.0,60014000000.0,59549000000.0,27026000000.0,50475000000.0,116609000000.0,23200000000.0,125713000000.0
META,"Meta Platforms, Inc.",Technology,2023,0001326801,https://data.sec.gov/api/xbrl/companyfacts/CIK0001326801.json,2026-08-03T14:50:39+00:00,229623000000.0,76455000000.0,85365000000.0,31960000000.0,71113000000.0,134902000000.0,39098000000.0,153168000000.0
META,"Meta Platforms, Inc.",Technology,2024,0001326801,https://data.sec.gov/api/xbrl/companyfacts/CIK0001326801.json,2026-08-03T14:50:39+00:00,276054000000.0,93417000000.0,100045000000.0,33596000000.0,91328000000.0,164501000000.0,62360000000.0,182637000000.0
MSFT,MICROSOFT CORPORATION,Technology,2021,0000789019,https://data.sec.gov/api/xbrl/companyfacts/CIK0000789019.json,2026-08-03T14:50:39+00:00,333779000000.0,191791000000.0,184406000000.0,88657000000.0,76740000000.0,168088000000.0,61271000000.0,141988000000.0
MSFT,MICROSOFT CORPORATION,Technology,2022,0000789019,https://data.sec.gov/api/xbrl/companyfacts/CIK0000789019.json,2026-08-03T14:50:39+00:00,364840000000.0,198298000000.0,169684000000.0,95082000000.0,89035000000.0,198270000000.0,72738000000.0,166542000000.0
MSFT,MICROSOFT CORPORATION,Technology,2023,0000789019,https://data.sec.gov/api/xbrl/companyfacts/CIK0000789019.json,2026-08-03T14:50:39+00:00,411976000000.0,205753000000.0,184257000000.0,104149000000.0,87582000000.0,211915000000.0,72361000000.0,206223000000.0
MSFT,MICROSOFT CORPORATION,Technology,2024,0000789019,https://data.sec.gov/api/xbrl/companyfacts/CIK0000789019.json,2026-08-03T14:50:39+00:00,512163000000.0,243686000000.0,159734000000.0,125286000000.0,118548000000.0,245122000000.0,88136000000.0,268477000000.0
NVDA,NVIDIA CORP,Technology,2021,0001045810,https://data.sec.gov/api/xbrl/companyfacts/CIK0001045810.json,2026-08-03T14:50:39+00:00,28791000000.0,11898000000.0,16055000000.0,3925000000.0,5822000000.0,16675000000.0,4332000000.0,16893000000.0
NVDA,NVIDIA CORP,Technology,2022,0001045810,https://data.sec.gov/api/xbrl/companyfacts/CIK0001045810.json,2026-08-03T14:50:39+00:00,44187000000.0,17575000000.0,28829000000.0,4335000000.0,9108000000.0,26914000000.0,9752000000.0,26612000000.0
NVDA,NVIDIA CORP,Technology,2023,0001045810,https://data.sec.gov/api/xbrl/companyfacts/CIK0001045810.json,2026-08-03T14:50:39+00:00,41182000000.0,19081000000.0,23073000000.0,6563000000.0,5641000000.0,26974000000.0,4368000000.0,22101000000.0
NVDA,NVIDIA CORP,Technology,2024,0001045810,https://data.sec.gov/api/xbrl/companyfacts/CIK0001045810.json,2026-08-03T14:50:39+00:00,65728000000.0,22750000000.0,44345000000.0,10631000000.0,28090000000.0,60922000000.0,29760000000.0,42978000000.0
PEP,"PepsiCo, Inc.",Consumer,2021,0000077476,https://data.sec.gov/api/xbrl/companyfacts/CIK0000077476.json,2026-08-03T14:50:39+00:00,92377000000.0,76226000000.0,21783000000.0,26220000000.0,11616000000.0,79474000000.0,7618000000.0,16043000000.0
PEP,"PepsiCo, Inc.",Consumer,2022,0000077476,https://data.sec.gov/api/xbrl/companyfacts/CIK0000077476.json,2026-08-03T14:50:39+00:00,92187000000.0,74914000000.0,21539000000.0,26785000000.0,10811000000.0,86392000000.0,8910000000.0,17149000000.0
PEP,"PepsiCo, Inc.",Consumer,2023,0000077476,https://data.sec.gov/api/xbrl/companyfacts/CIK0000077476.json,2026-08-03T14:50:39+00:00,100495000000.0,81858000000.0,26950000000.0,31647000000.0,13442000000.0,91471000000.0,9074000000.0,18503000000.0
PEP,"PepsiCo, Inc.",Consumer,2024,0000077476,https://data.sec.gov/api/xbrl/companyfacts/CIK0000077476.json,2026-08-03T14:50:39+00:00,99467000000.0,81296000000.0,25826000000.0,31536000000.0,12507000000.0,91854000000.0,9578000000.0,18041000000.0
PG,PROCTER & GAMBLE CO,Consumer,2021,0000080424,https://data.sec.gov/api/xbrl/companyfacts/CIK0000080424.json,2026-08-03T14:50:39+00:00,119307000000.0,72653000000.0,23091000000.0,33132000000.0,18371000000.0,76118000000.0,14306000000.0,46654000000.0
PG,PROCTER & GAMBLE CO,Consumer,2022,0000080424,https://data.sec.gov/api/xbrl/companyfacts/CIK0000080424.json,2026-08-03T14:50:39+00:00,117208000000.0,70354000000.0,21653000000.0,33081000000.0,16723000000.0,80187000000.0,14742000000.0,46854000000.0
PG,PROCTER & GAMBLE CO,Consumer,2023,0000080424,https://data.sec.gov/api/xbrl/companyfacts/CIK0000080424.json,2026-08-03T14:50:39+00:00,120829000000.0,73764000000.0,22648000000.0,35756000000.0,16848000000.0,82006000000.0,14653000000.0,47065000000.0
PG,PROCTER & GAMBLE CO,Consumer,2024,0000080424,https://data.sec.gov/api/xbrl/companyfacts/CIK0000080424.json,2026-08-03T14:50:39+00:00,122370000000.0,71811000000.0,24709000000.0,33627000000.0,19846000000.0,84039000000.0,14879000000.0,50559000000.0
