ticker,company_name,industry,fiscal_year,cik,source_url,downloaded_at_utc,assets_usd,liabilities_usd,current_assets_usd,current_liabilities_usd,operating_cashflow_usd,revenue_usd,net_income_usd,equity_usd,debt_ratio,current_ratio,cashflow_to_liabilities,revenue_growth,roe,net_profit_margin,financial_watch_score,attention_level,attention_flags,review_priority
AAPL,Apple Inc.,Technology,2022,320193,https://data.sec.gov/api/xbrl/companyfacts/CIK0000320193.json,2026-08-03T14:50:39+00:00,352755000000.0,302083000000.0,135405000000.0,153982000000.0,122151000000.0,394328000000.0,99803000000.0,50672000000.0,0.8563535598361469,0.8793560286267226,0.4043623772274507,0.0779378760418461,1.9695887275023682,0.2530964070519973,53.3,Medium watch,high leverage; current ratio below 1,Priority 2 - monitor
AAPL,Apple Inc.,Technology,2023,320193,https://data.sec.gov/api/xbrl/companyfacts/CIK0000320193.json,2026-08-03T14:50:39+00:00,352583000000.0,290437000000.0,143566000000.0,145308000000.0,110543000000.0,383285000000.0,96995000000.0,62146000000.0,0.8237407929480435,0.9880116717592975,0.38060921989966845,-0.02800460530319937,1.5607601454639075,0.2530623426432028,53.4,Medium watch,high leverage; current ratio below 1; revenue decline,Priority 2 - monitor
AAPL,Apple Inc.,Technology,2024,320193,https://data.sec.gov/api/xbrl/companyfacts/CIK0000320193.json,2026-08-03T14:50:39+00:00,364980000000.0,308030000000.0,152987000000.0,176392000000.0,118254000000.0,391035000000.0,93736000000.0,56950000000.0,0.8439640528248123,0.8673125765340832,0.38390416517871634,0.02021994077514111,1.6459350307287095,0.23971255769943867,54.9,Medium watch,high leverage; current ratio below 1,Priority 2 - monitor
CAT,CATERPILLAR INC,Industrial,2022,18230,https://data.sec.gov/api/xbrl/companyfacts/CIK0000018230.json,2026-08-03T14:50:39+00:00,81943000000.0,66052000000.0,43785000000.0,31531000000.0,7766000000.0,59427000000.0,6704000000.0,15891000000.0,0.8060725138205826,1.3886334083917415,0.1175740325803912,0.1658982558709854,0.4218740167390347,0.1128106752822791,56.1,Medium watch,high leverage,Priority 2 - monitor
CAT,CATERPILLAR INC,Industrial,2023,18230,https://data.sec.gov/api/xbrl/companyfacts/CIK0000018230.json,2026-08-03T14:50:39+00:00,87476000000.0,67973000000.0,46949000000.0,34728000000.0,12885000000.0,67060000000.0,10332000000.0,19503000000.0,0.7770474187205634,1.3519062428011979,0.18956056081091022,0.1284433001834182,0.5297646515920628,0.15407098121085594,51.3,Medium watch,high leverage,Priority 2 - monitor
CAT,CATERPILLAR INC,Industrial,2024,18230,https://data.sec.gov/api/xbrl/companyfacts/CIK0000018230.json,2026-08-03T14:50:39+00:00,87764000000.0,68270000000.0,45682000000.0,32272000000.0,12035000000.0,64809000000.0,10788000000.0,19494000000.0,0.7778815915409507,1.4155304908279622,0.17628533762999854,-0.03356695496570239,0.5534010464758388,0.1664583622645003,56.3,Medium watch,high leverage; revenue decline,Priority 2 - monitor
COST,COSTCO WHOLESALE CORP /NEW,Consumer,2022,909832,https://data.sec.gov/api/xbrl/companyfacts/CIK0000909832.json,2026-08-03T14:50:39+00:00,64166000000.0,43519000000.0,32696000000.0,31998000000.0,7392000000.0,226954000000.0,5844000000.0,20642000000.0,0.6782252283140604,1.0218138633664604,0.16985684413704358,0.15834817714580285,0.2831121015405484,0.025749711395260715,50.4,Medium watch,no rule-based attention flag,Priority 2 - monitor
COST,COSTCO WHOLESALE CORP /NEW,Consumer,2023,909832,https://data.sec.gov/api/xbrl/companyfacts/CIK0000909832.json,2026-08-03T14:50:39+00:00,68994000000.0,43936000000.0,35879000000.0,33583000000.0,11068000000.0,242290000000.0,6292000000.0,25058000000.0,0.6368089978838739,1.0683679242473871,0.25191187181354696,0.06757316460604357,0.2510974539069359,0.025968880267448098,44.6,Medium watch,no rule-based attention flag,Priority 2 - monitor
COST,COSTCO WHOLESALE CORP /NEW,Consumer,2024,909832,https://data.sec.gov/api/xbrl/companyfacts/CIK0000909832.json,2026-08-03T14:50:39+00:00,69831000000.0,46209000000.0,34246000000.0,35464000000.0,11339000000.0,254453000000.0,7367000000.0,23622000000.0,0.6617261674614426,0.965655312429506,0.24538509814105477,0.05020017334599025,0.3118702904072475,0.028952301603832536,48.6,Medium watch,current ratio below 1,Priority 2 - monitor
GOOGL,Alphabet Inc.,Technology,2022,1652044,https://data.sec.gov/api/xbrl/companyfacts/CIK0001652044.json,2026-08-03T14:50:39+00:00,365264000000.0,109120000000.0,164795000000.0,69300000000.0,91495000000.0,282836000000.0,59972000000.0,256144000000.0,0.29874282710587413,2.377994227994228,0.8384805718475073,0.09780815643715779,0.2341339246673746,0.2120380715326196,3.8,Low watch,no rule-based attention flag,No priority flag
GOOGL,Alphabet Inc.,Technology,2023,1652044,https://data.sec.gov/api/xbrl/companyfacts/CIK0001652044.json,2026-08-03T14:50:39+00:00,402392000000.0,119013000000.0,171530000000.0,81814000000.0,101746000000.0,307394000000.0,73795000000.0,283379000000.0,0.29576383228294795,2.096584936563424,0.8549150092847,0.0868277022726951,0.26041096905557576,0.24006649446638517,5.6,Low watch,no rule-based attention flag,No priority flag
GOOGL,Alphabet Inc.,Technology,2024,1652044,https://data.sec.gov/api/xbrl/companyfacts/CIK0001652044.json,2026-08-03T14:50:39+00:00,450256000000.0,125172000000.0,163711000000.0,89122000000.0,125299000000.0,350018000000.0,100118000000.0,325084000000.0,0.27800184783767456,1.8369313974102914,1.0010146039050267,0.1386624332290156,0.30797578472025694,0.28603671811164,7.7,Low watch,no rule-based attention flag,No priority flag
HD,"HOME DEPOT, INC.",Consumer,2022,354950,https://data.sec.gov/api/xbrl/companyfacts/CIK0000354950.json,2026-08-03T14:50:39+00:00,76445000000.0,74883000000.0,32471000000.0,23110000000.0,14615000000.0,157403000000.0,17105000000.0,1562000000.0,0.9795670089606907,1.4050627434011251,0.1951711336351375,0.04132127523038953,10.950704225352112,0.10867010158637383,57.2,Medium watch,high leverage,Priority 2 - monitor
HD,"HOME DEPOT, INC.",Consumer,2023,354950,https://data.sec.gov/api/xbrl/companyfacts/CIK0000354950.json,2026-08-03T14:50:39+00:00,76530000000.0,75486000000.0,29775000000.0,22015000000.0,21172000000.0,152669000000.0,15143000000.0,1044000000.0,0.986358290866327,1.3524869407222349,0.2804758498264579,-0.030075665648049865,14.504789272030651,0.09918844035134834,54.5,Medium watch,high leverage; revenue decline,Priority 2 - monitor
HD,"HOME DEPOT, INC.",Consumer,2024,354950,https://data.sec.gov/api/xbrl/companyfacts/CIK0000354950.json,2026-08-03T14:50:39+00:00,96119000000.0,89479000000.0,31683000000.0,28661000000.0,19810000000.0,159514000000.0,14806000000.0,6640000000.0,0.9309189650329279,1.1054394473326123,0.22139272902021703,0.04483555928184502,2.2298192771084335,0.09281943904610254,59.6,Medium watch,high leverage,Priority 2 - monitor
META,"Meta Platforms, Inc.",Technology,2022,1326801,https://data.sec.gov/api/xbrl/companyfacts/CIK0001326801.json,2026-08-03T14:50:39+00:00,185727000000.0,60014000000.0,59549000000.0,27026000000.0,50475000000.0,116609000000.0,23200000000.0,125713000000.0,0.3231301857026711,2.203396729075705,0.8410537541240377,-0.011193175554782941,0.18454734196145187,0.19895548371051977,7.2,Low watch,revenue decline,No priority flag
META,"Meta Platforms, Inc.",Technology,2023,1326801,https://data.sec.gov/api/xbrl/companyfacts/CIK0001326801.json,2026-08-03T14:50:39+00:00,229623000000.0,76455000000.0,85365000000.0,31960000000.0,71113000000.0,134902000000.0,39098000000.0,153168000000.0,0.33295880639134584,2.6709949937421777,0.9301288339546139,0.15687468377226454,0.25526219575890524,0.28982520644616094,2.0,Low watch,no rule-based attention flag,No priority flag
META,"Meta Platforms, Inc.",Technology,2024,1326801,https://data.sec.gov/api/xbrl/companyfacts/CIK0001326801.json,2026-08-03T14:50:39+00:00,276054000000.0,93417000000.0,100045000000.0,33596000000.0,91328000000.0,164501000000.0,62360000000.0,182637000000.0,0.33840118237736094,2.9778842719371355,0.9776379031653768,0.21941112807816054,0.34144231453648494,0.3790858414234564,0.0,Low watch,no rule-based attention flag,No priority flag
MSFT,MICROSOFT CORPORATION,Technology,2022,789019,https://data.sec.gov/api/xbrl/companyfacts/CIK0000789019.json,2026-08-03T14:50:39+00:00,364840000000.0,198298000000.0,169684000000.0,95082000000.0,89035000000.0,198270000000.0,72738000000.0,166542000000.0,0.5435204473193729,1.7846069708251824,0.44899595558200284,0.17956070629670173,0.4367546925099975,0.3668633681343622,18.8,Low watch,no rule-based attention flag,No priority flag
MSFT,MICROSOFT CORPORATION,Technology,2023,789019,https://data.sec.gov/api/xbrl/companyfacts/CIK0000789019.json,2026-08-03T14:50:39+00:00,411976000000.0,205753000000.0,184257000000.0,104149000000.0,87582000000.0,211915000000.0,72361000000.0,206223000000.0,0.499429578422044,1.76916725076573,0.425665725408621,0.06882029555656421,0.35088714643856406,0.3414623787839464,19.8,Low watch,no rule-based attention flag,No priority flag
MSFT,MICROSOFT CORPORATION,Technology,2024,789019,https://data.sec.gov/api/xbrl/companyfacts/CIK0000789019.json,2026-08-03T14:50:39+00:00,512163000000.0,243686000000.0,159734000000.0,125286000000.0,118548000000.0,245122000000.0,88136000000.0,268477000000.0,0.47579774407756903,1.2749549031815206,0.48647850102180673,0.1566996201307127,0.32828137978299815,0.35955972944084985,22.7,Low watch,no rule-based attention flag,No priority flag
NVDA,NVIDIA CORP,Technology,2022,1045810,https://data.sec.gov/api/xbrl/companyfacts/CIK0001045810.json,2026-08-03T14:50:39+00:00,44187000000.0,17575000000.0,28829000000.0,4335000000.0,9108000000.0,26914000000.0,9752000000.0,26612000000.0,0.3977414171588929,6.650288350634371,0.5182361308677098,0.6140329835082459,0.3664512250112731,0.3623393029649996,2.9,Low watch,no rule-based attention flag,No priority flag
NVDA,NVIDIA CORP,Technology,2023,1045810,https://data.sec.gov/api/xbrl/companyfacts/CIK0001045810.json,2026-08-03T14:50:39+00:00,41182000000.0,19081000000.0,23073000000.0,6563000000.0,5641000000.0,26974000000.0,4368000000.0,22101000000.0,0.46333349521635664,3.515617857687033,0.2956344007127509,0.002229323028906993,0.19763811592235644,0.16193371394676356,17.2,Low watch,no rule-based attention flag,No priority flag
NVDA,NVIDIA CORP,Technology,2024,1045810,https://data.sec.gov/api/xbrl/companyfacts/CIK0001045810.json,2026-08-03T14:50:39+00:00,65728000000.0,22750000000.0,44345000000.0,10631000000.0,28090000000.0,60922000000.0,29760000000.0,42978000000.0,0.346123417721519,4.171291505973097,1.2347252747252748,1.2585452658115224,0.6924472986178976,0.4884934834706674,0.0,Low watch,no rule-based attention flag,No priority flag
PEP,"PepsiCo, Inc.",Consumer,2022,77476,https://data.sec.gov/api/xbrl/companyfacts/CIK0000077476.json,2026-08-03T14:50:39+00:00,92187000000.0,74914000000.0,21539000000.0,26785000000.0,10811000000.0,86392000000.0,8910000000.0,17149000000.0,0.8126308481673121,0.8041441105096135,0.14431214459246602,0.08704733623575,0.5195638229634381,0.10313454949532364,65.5,High watch,high leverage; current ratio below 1,Priority 1 - manual context review
PEP,"PepsiCo, Inc.",Consumer,2023,77476,https://data.sec.gov/api/xbrl/companyfacts/CIK0000077476.json,2026-08-03T14:50:39+00:00,100495000000.0,81858000000.0,26950000000.0,31647000000.0,13442000000.0,91471000000.0,9074000000.0,18503000000.0,0.8145479874620628,0.851581508515815,0.16421119499621295,0.05879016575608853,0.49040696103334597,0.09920083961036831,64.5,Medium watch,high leverage; current ratio below 1,Priority 2 - monitor
PEP,"PepsiCo, Inc.",Consumer,2024,77476,https://data.sec.gov/api/xbrl/companyfacts/CIK0000077476.json,2026-08-03T14:50:39+00:00,99467000000.0,81296000000.0,25826000000.0,31536000000.0,12507000000.0,91854000000.0,9578000000.0,18041000000.0,0.8173162958569173,0.8189370877727042,0.15384520763629206,0.0041871194148965785,0.5309018347098277,0.10427417423302197,67.5,High watch,high leverage; current ratio below 1,Priority 1 - manual context review
PG,PROCTER & GAMBLE CO,Consumer,2022,80424,https://data.sec.gov/api/xbrl/companyfacts/CIK0000080424.json,2026-08-03T14:50:39+00:00,117208000000.0,70354000000.0,21653000000.0,33081000000.0,16723000000.0,80187000000.0,14742000000.0,46854000000.0,0.6002491297522353,0.6545449049303226,0.23769792762316286,0.05345647547229304,0.3146369573568959,0.18384526170077445,47.7,Medium watch,current ratio below 1,Priority 2 - monitor
PG,PROCTER & GAMBLE CO,Consumer,2023,80424,https://data.sec.gov/api/xbrl/companyfacts/CIK0000080424.json,2026-08-03T14:50:39+00:00,120829000000.0,73764000000.0,22648000000.0,35756000000.0,16848000000.0,82006000000.0,14653000000.0,47065000000.0,0.6104825828236599,0.6334041839131894,0.22840409956076135,0.02268447503959492,0.31133538723042603,0.17868204765504964,49.8,Medium watch,current ratio below 1,Priority 2 - monitor
PG,PROCTER & GAMBLE CO,Consumer,2024,80424,https://data.sec.gov/api/xbrl/companyfacts/CIK0000080424.json,2026-08-03T14:50:39+00:00,122370000000.0,71811000000.0,24709000000.0,33627000000.0,19846000000.0,84039000000.0,14879000000.0,50559000000.0,0.5868350085805344,0.7347964433342254,0.276364345295289,0.024790868960807844,0.29428983959334637,0.17704875117504967,45.2,Medium watch,current ratio below 1,Priority 2 - monitor
